reward_id,//reward_name,reward_name_id,G_item_id,item_type,grade,reward_type,amount,tower_random_id,probability,connection_id
171001,목성,6006,1006,1,1,1,1,,0.03,1006
171001,목성 조각 1개,6267,1820001,1,1,2,1,,0.30,1006
171001,목성 조각 2개,6267,1820001,1,1,2,2,,0.17,1006
171001,아메리온,6010,1010,1,1,1,1,,0.03,1010
171001,아메리온 조각 1개,6268,1820002,1,1,2,1,,0.30,1010
171001,아메리온 조각 2개,6268,1820002,1,1,2,2,,0.17,1010
171001,테라,6005,1005,1,2,1,1,,0.07,1005
171001,테라 조각 1개,6269,1820003,1,2,2,1,,0.67,1005
171001,테라 조각 2개,6269,1820003,1,2,2,2,,0.37,1005
171001,테라 조각 3개,6269,1820003,1,2,2,3,,0.22,1005
171001,토성,6007,1007,1,2,1,1,,0.07,1007
171001,토성 조각 1개,6270,1820004,1,2,2,1,,0.67,1007
171001,토성 조각 2개,6270,1820004,1,2,2,2,,0.37,1007
171001,토성 조각 3개,6270,1820004,1,2,2,3,,0.22,1007
171001,명왕성,6011,1011,1,2,1,1,,0.07,1011
171001,명왕성 조각 1개,6271,1820005,1,2,2,1,,0.67,1011
171001,명왕성 조각 2개,6271,1820005,1,2,2,2,,0.37,1011
171001,명왕성 조각 3개,6271,1820005,1,2,2,3,,0.22,1011
171001,화성,6002,1002,1,3,1,1,,0.31,1002
171001,화성 조각 1개,6272,1820006,1,3,2,1,,2.81,1002
171001,화성 조각 2개,6272,1820006,1,3,2,2,,1.56,1002
171001,화성 조각 3개,6272,1820006,1,3,2,3,,0.94,1002
171001,화성 조각 4개,6272,1820006,1,3,2,4,,0.63,1002
171001,천왕성,6008,1008,1,3,1,1,,0.31,1008
171001,천왕성 조각 1개,6273,1820007,1,3,2,1,,2.81,1008
171001,천왕성 조각 2개,6273,1820007,1,3,2,2,,1.56,1008
171001,천왕성 조각 3개,6273,1820007,1,3,2,3,,0.94,1008
171001,천왕성 조각 4개,6273,1820007,1,3,2,4,,0.63,1008
171001,세드나,6012,1012,1,3,1,1,,0.31,1012
171001,세드나 조각 1개,6274,1820008,1,3,2,1,,2.81,1012
171001,세드나 조각 2개,6274,1820008,1,3,2,2,,1.56,1012
171001,세드나 조각 3개,6274,1820008,1,3,2,3,,0.94,1012
171001,세드나 조각 4개,6274,1820008,1,3,2,4,,0.63,1012
171001,루미실라,6015,1015,1,3,1,1,,0.31,1015
171001,루미실라 조각 1개,6275,1820009,1,3,2,1,,2.81,1015
171001,루미실라 조각 2개,6275,1820009,1,3,2,2,,1.56,1015
171001,루미실라 조각 3개,6275,1820009,1,3,2,3,,0.94,1015
171001,루미실라 조각 4개,6275,1820009,1,3,2,4,,0.63,1015
171001,지구,6001,1001,1,4,1,1,,0.58,1001
171001,지구 조각 1개,6276,1820010,1,4,2,1,,4.43,1001
171001,지구 조각 2개,6276,1820010,1,4,2,2,,2.92,1001
171001,지구 조각 3개,6276,1820010,1,4,2,3,,1.75,1001
171001,지구 조각 4개,6276,1820010,1,4,2,4,,1.17,1001
171001,지구 조각 5개,6276,1820010,1,4,2,5,,0.82,1001
171001,금성,6003,1003,1,4,1,1,,0.58,1003
171001,금성 조각 1개,6277,1820011,1,4,2,1,,4.43,1003
171001,금성 조각 2개,6277,1820011,1,4,2,2,,2.92,1003
171001,금성 조각 3개,6277,1820011,1,4,2,3,,1.75,1003
171001,금성 조각 4개,6277,1820011,1,4,2,4,,1.17,1003
171001,금성 조각 5개,6277,1820011,1,4,2,5,,0.82,1003
171001,수성,6004,1004,1,4,1,1,,0.58,1004
171001,수성 조각 1개,6278,1820012,1,4,2,1,,4.43,1004
171001,수성 조각 2개,6278,1820012,1,4,2,2,,2.92,1004
171001,수성 조각 3개,6278,1820012,1,4,2,3,,1.75,1004
171001,수성 조각 4개,6278,1820012,1,4,2,4,,1.17,1004
171001,수성 조각 5개,6278,1820012,1,4,2,5,,0.82,1004
171001,해왕성,6009,1009,1,4,1,1,,0.58,1009
171001,해왕성 조각 1개,6279,1820013,1,4,2,1,,4.43,1009
171001,해왕성 조각 2개,6279,1820013,1,4,2,2,,2.92,1009
171001,해왕성 조각 3개,6279,1820013,1,4,2,3,,1.75,1009
171001,해왕성 조각 4개,6279,1820013,1,4,2,4,,1.17,1009
171001,해왕성 조각 5개,6279,1820013,1,4,2,5,,0.82,1009
171001,에리스,6013,1013,1,4,1,1,,0.58,1013
171001,에리스 조각 1개,6280,1820014,1,4,2,1,,4.43,1013
171001,에리스 조각 2개,6280,1820014,1,4,2,2,,2.92,1013
171001,에리스 조각 3개,6280,1820014,1,4,2,3,,1.75,1013
171001,에리스 조각 4개,6280,1820014,1,4,2,4,,1.17,1013
171001,에리스 조각 5개,6280,1820014,1,4,2,5,,0.82,1013
171001,세레스,6014,1014,1,4,1,1,,0.58,1014
171001,세레스 조각 1개,6281,1820015,1,4,2,1,,4.43,1014
171001,세레스 조각 2개,6281,1820015,1,4,2,2,,2.92,1014
171001,세레스 조각 3개,6281,1820015,1,4,2,3,,1.75,1014
171001,세레스 조각 4개,6281,1820015,1,4,2,4,,1.17,1014
171001,세레스 조각 5개,6281,1820015,1,4,2,5,,0.82,1014
172002,솔라레이저,,6158,2,,3,,28001,4.17,2001
172002,다크레이저,,6159,2,,3,,28002,4.17,2002
172002,헬파이어건,,6160,2,,3,,28003,4.17,2003
172002,프로스트리피터,,6161,2,,3,,28004,4.17,2004
172002,버스트 블래스터,,6162,2,,3,,28005,4.17,2005
172002,쉐도우 버스터,,6163,2,,3,,28006,4.17,2006
172002,볼케이노 런처,,6164,2,,3,,28007,4.17,2007
172002,아이스레인저,,6165,2,,3,,28008,4.17,2008
172002,루미나 스나이퍼,,6166,2,,3,,28009,4.17,2009
172002,스틸 리퍼,,6167,2,,3,,28010,4.17,2010
172002,마그마 봄버,,6168,2,,3,,28011,4.17,2011
172002,프로스트 봄버,,6169,2,,3,,28012,4.17,2012
172002,아이언 마인,,6170,2,,3,,28013,4.17,2013
172002,블랙마인,,6171,2,,3,,28014,4.17,2014
172002,서지리엑터,,6172,2,,3,,28015,4.17,2015
172002,쉐도우 서지,,6173,2,,3,,28016,4.17,2016
172002,그래비티 필드,,23001,2,,3,,28017,4.17,23001
172002,그래비티 싱크,,23002,2,,3,,28018,4.17,23002
172002,딜레이 필드,,23003,2,,3,,28019,4.17,23003
172002,어비스 코어,,23004,2,,3,,28020,4.17,23004
172002,디펜스 드론,,23005,2,,3,,28021,4.17,23005
172002,리펄서,,23006,2,,3,,28022,4.17,23006
172002,쇼크 웨이브,,23007,2,,3,,28023,4.17,23007
172002,카오스 비컨,,23008,2,,3,,28024,4.17,23008